20000,K9Z2hpuU,Dr Avinash,avinash@mail.com,0405673342,45 Real Place Sydney NSW
20001,FAMIMhQh,Dr Bobby,bobby@mail.com,0455321199,7 Bourke Sydney NSW
20002,VCilEMk8,Dr Jisoo,jisoo@mail.com,0455324431,65 North Street Sydney NSW
20003,lvJy2ozP,Dr Steve,steve@mail.com,0433221154,77 Broadway Sydney NSW
20004,cM083l3M,jung lee,jung@gmail.com,1111111111,66 bourke street Ultimo NSW 2007
20005,eEpdRTlr,marko tan,marko@gmail.com,2222313345,95 Harris Street Ultimo NSW 2007
20006,s2Og5OyZ,Brandon Don,brandon@gmail.com,0455332266,702 Harris Street Ultimo NSW 2006
20007,vJlWPrJz,Bobbie Brown,bobbie@gmail.com,0455321123,66 Harris Street Ultimo  NSW 2007
20008,iJcsINKH,Michael Lee,michael@gmail.com,0433245675,55 Harris Street Ultimo NSW 2007