30000,JS9CxK2O,Davey Fuse,davey@mail.com,0455643321,87 Real Sydney NSW
30001,qQHPWH4J,Kenny Scrub,kenny@mail.com,0455332210,22 Harris Sydney NSW
30002,Sbq4FjGF,Jimmy Kim,jimmy@mail.com,0433225567,6 rhythm Sydney NSW
30003,wlXE4umR,Dustin Wang,dustin@mail.com,0455345521,65 Bourke Sydney NSW
30004,ysFyfnMg,Milly Lee,milly@mail.com,0443298876,22 Broadway Sydney NSW
30005,EhttxC0M,Jeremy Lin,jeremy@mail.com,0455322110,92 Broadway Sydney NSW
30006,rn6sWXiv,Noah Kim,noah@mail.com,0433298872,11 Parramatta Sydney NSW
30007,NOAFXDgm,Jackson Wang,jackson66@mail.com,0488996721,66 Beverly Sydney NSW
30008,r5ugH1R2,mincha lee,min@gmail.com,1111111111,77 harris street Ultimo NSW 2007
30009,OZrY4iF2,dumpling lee,dumpling@gmail.com,1111111111,87 Harris Street Ultimo NSW 20007